{
  "i18n/i18n.properties": 1760353824014,
  "controller/Books.controller.js": 1762422034022,
  "model/models.js": 1760344238759,
  "controller/BookDetail.controller.js": 1762422034022,
  "controller/Authors.controller.js": 1762422034022,
  "controller/App.controller.js": 1760362044989,
  "manifest.json": 1762759391712,
  "Component.js": 1760344696756,
  "controller/App-dbg.controller.js": 1760362044989,
  "controller/App.controller.js.map": 1762766586381,
  "model/models-dbg.js": 1760344238759,
  "model/models.js.map": 1762766586384,
  "controller/BookDetail-dbg.controller.js": 1762422034022,
  "controller/BookDetail.controller.js.map": 1762766586423,
  "controller/Authors-dbg.controller.js": 1762422034022,
  "controller/Authors.controller.js.map": 1762766586426,
  "controller/Books-dbg.controller.js": 1762422034022,
  "controller/Books.controller.js.map": 1762766586474,
  "Component-dbg.js": 1760344696756,
  "Component.js.map": 1762766586386,
  "Component-preload.js": 1762766586578,
  "Component-preload.js.map": 1762766586578,
  "view/UploadDialog.fragment.xml": 1760963735794,
  "view/SortDialog.fragment.xml": 1760687526663,
  "view/NotificationsPopover.fragment.xml": 1761034480665,
  "view/HelloDialog.fragment.xml": 1760354498004,
  "view/FilterDialog.fragment.xml": 1760687710472,
  "view/CreateBookDialog.fragment.xml": 1760685974542,
  "view/Books.view.xml": 1761200964553,
  "view/BookDetail.view.xml": 1760365190917,
  "view/Authors.view.xml": 1761211483372,
  "view/App.view.xml": 1760945292562,
  "index.html": 1760951965721
}