{
  "view/Books.view.xml": 1761200964553,
  "manifest.json": 1762759391712,
  "controller/Books.controller.js": 1762422034022,
  "controller/BookDetail.controller.js": 1762422034022,
  "controller/Authors.controller.js": 1762422034022,
  "controller/App.controller.js": 1760362044989,
  "model/models.js": 1760344238759,
  "Component.js": 1760344696756,
  "controller/App-dbg.controller.js": 1760362044989,
  "controller/App.controller.js.map": 1762767802665,
  "controller/BookDetail-dbg.controller.js": 1762422034022,
  "controller/BookDetail.controller.js.map": 1762767802722,
  "controller/Authors-dbg.controller.js": 1762422034022,
  "controller/Authors.controller.js.map": 1762767802721,
  "controller/Books-dbg.controller.js": 1762422034022,
  "controller/Books.controller.js.map": 1762767802784,
  "model/models-dbg.js": 1760344238759,
  "model/models.js.map": 1762767802667,
  "Component-dbg.js": 1760344696756,
  "Component.js.map": 1762767802669,
  "Component-preload.js": 1762767802897,
  "Component-preload.js.map": 1762767802897,
  "view/UploadDialog.fragment.xml": 1760963735794,
  "view/SortDialog.fragment.xml": 1760687526663,
  "view/NotificationsPopover.fragment.xml": 1761034480665,
  "view/HelloDialog.fragment.xml": 1760354498004,
  "view/FilterDialog.fragment.xml": 1760687710472,
  "view/CreateBookDialog.fragment.xml": 1760685974542,
  "i18n/i18n.properties": 1760353824014,
  "view/BookDetail.view.xml": 1760365190917,
  "view/Authors.view.xml": 1761211483372,
  "view/App.view.xml": 1760945292562,
  "index.html": 1760951965721
}