{
  "controller/BookDetail.controller.js.map": 1760608532031,
  "Component.js": 1760344696756,
  "controller/Books.controller.js": 1760365421259,
  "controller/BookDetail.controller.js": 1760365634829,
  "controller/App.controller.js": 1760362044989,
  "manifest.json": 1760444329411,
  "model/models.js": 1760344238759,
  "model/models-dbg.js": 1760344238759,
  "model/models.js.map": 1760608532030,
  "controller/Books-dbg.controller.js": 1760365421259,
  "controller/Books.controller.js.map": 1760608532030,
  "controller/BookDetail-dbg.controller.js": 1760365634829,
  "i18n/i18n.properties": 1760353824014,
  "controller/App-dbg.controller.js": 1760362044989,
  "controller/App.controller.js.map": 1760608532030,
  "Component-dbg.js": 1760344696756,
  "Component.js.map": 1760608532032,
  "Component-preload.js": 1760608532098,
  "Component-preload.js.map": 1760608532099,
  "view/HelloDialog.fragment.xml": 1760354498004,
  "view/Books.view.xml": 1760362024632,
  "view/BookDetail.view.xml": 1760365190917,
  "view/App.view.xml": 1760362485625,
  "index.html": 1760607552646
}