{
  "Component.js.map": 1762766589352,
  "model/programs/startup.json": 1761747427050,
  "model/programs/sme.json": 1761559289994,
  "model/programs/research.json": 1761747603931,
  "model/programs/innovation.json": 1761559281310,
  "model/models.js": 1761551536033,
  "controller/Main.controller.js": 1762422034022,
  "controller/App.controller.js": 1761558365340,
  "manifest.json": 1762759391712,
  "Component.js": 1761558434680,
  "model/models-dbg.js": 1761551536033,
  "model/models.js.map": 1762766589355,
  "controller/Main-dbg.controller.js": 1762422034022,
  "controller/Main.controller.js.map": 1762766589394,
  "controller/App-dbg.controller.js": 1761558365340,
  "controller/App.controller.js.map": 1762766589355,
  "Component-dbg.js": 1761558434680,
  "i18n/i18n.properties": 1761551628549,
  "Component-preload.js": 1762766589469,
  "Component-preload.js.map": 1762766589469,
  "view/Main.view.xml": 1761837615997,
  "view/App.view.xml": 1761551687885,
  "index.html": 1761837646985
}